{
    "Accuracy": 0.99959375,
    "Precision": 0.9230769230769231,
    "Recall": 0.8421052631578947,
    "F1 Score": 0.8807339449541285,
    "Matthews Corrcoef": 0.8814619404080271
}
